<?xml version="1.0" encoding="UTF-8"?>
<project-private xmlns="http://www.netbeans.org/ns/project-private/1">
    <editor-bookmarks xmlns="http://www.netbeans.org/ns/editor-bookmarks/2" lastBookmarkId="0"/>
    <open-files xmlns="http://www.netbeans.org/ns/projectui-open-files/2">
        <group>
            <file>file:/C:/Users/FERNANDO%20FINK/Documents/NetBeansProjects/ProjetoGrupoI/src/Visao/GUITarefa.java</file>
            <file>file:/C:/Users/FERNANDO%20FINK/Documents/NetBeansProjects/ProjetoGrupoI/src/Visao/GUILembrete.java</file>
            <file>file:/C:/Users/FERNANDO%20FINK/Documents/NetBeansProjects/ProjetoGrupoI/src/Visao/GUICadastro.java</file>
            <file>file:/C:/Users/FERNANDO%20FINK/Documents/NetBeansProjects/ProjetoGrupoI/src/Visao/GUIPrincipal.java</file>
            <file>file:/C:/Users/FERNANDO%20FINK/Documents/NetBeansProjects/ProjetoGrupoI/src/Visao/GUIRedefinirSenha.java</file>
            <file>file:/C:/Users/FERNANDO%20FINK/Documents/NetBeansProjects/ProjetoGrupoI/src/Visao/GUIDash.java</file>
        </group>
    </open-files>
</project-private>
